<?xml version="1.0"?>
<RecordingInfo xmlns:xsd="http://www.w3.org/2001/XMLSchema" xmlns:xsi="http://www.w3.org/2001/XMLSchema-instance">
  <PublicID>027dc468-5dda-4f37-a836-ad0800120423</PublicID>
  <SessionID>92f7ed23-a5a1-4781-9590-ad080011471f</SessionID>
  <SessionGroupID>2df1efc6-9068-46ab-a16f-acc400d06144</SessionGroupID>
  <SessionLabel>msds442-ex2-ajs</SessionLabel>
  <SessionGroupLabel>Meeting Recordings</SessionGroupLabel>
  <UploadStatus>Completed</UploadStatus>
  <IsFinalized>true</IsFinalized>
  <StartTime>2021-04-11T21:07:13.2760592-04:00</StartTime>
  <EndTime>2021-04-11T21:13:03.9569744-04:00</EndTime>
  <Streams>
    <Stream>
      <PublicID>12154a1e-7285-4c83-9742-ad080012723b</PublicID>
      <Device xsi:type="ScreenCaptureDeviceDescription">
        <IsDisconnected>false</IsDisconnected>
        <DeviceID>@screenCapture:\\.\DISPLAY1</DeviceID>
        <Name>Main Screen</Name>
        <MediaType>Screen</MediaType>
        <VideoWidth>1920</VideoWidth>
        <VideoHeight>1080</VideoHeight>
        <OriginCoordinate>
          <Y>0</Y>
          <X>0</X>
        </OriginCoordinate>
        <IsPrimaryScreen>true</IsPrimaryScreen>
      </Device>
      <OverrideAudioDevice>
        <IsDisconnected>false</IsDisconnected>
        <DeviceID>@device:cm:{33D9A762-90C8-11D0-BD43-00A0C911CE86}\wave:{3071C421-550F-4E48-81F4-25A79018BE15}</DeviceID>
        <Name>Microphone (Realtek(R) Audio)</Name>
        <MediaType>Audio</MediaType>
        <VideoWidth>0</VideoWidth>
        <VideoHeight>0</VideoHeight>
      </OverrideAudioDevice>
      <IsCaptureSystemAudioEnabled>false</IsCaptureSystemAudioEnabled>
      <Tag>DV</Tag>
      <Type>Archival</Type>
      <StartTime>2021-04-11T21:07:13.2143412-04:00</StartTime>
      <EndTime>2021-04-11T21:13:03.9569744-04:00</EndTime>
      <Files>
        <FileInfo>
          <FilePath>C:\PanoptoRecorder\027dc468-5dda-4f37-a836-ad0800120423\12154a1e-7285-4c83-9742-ad080012723b.DV.600000.panrv</FilePath>
          <Length>22240114</Length>
          <ModificationTime>2021-04-12T01:13:05.1694983Z</ModificationTime>
          <FileUploadStatus>Completed</FileUploadStatus>
          <Destination>DataServer</Destination>
          <FileType xsi:nil="true" />
          <BitRate>600000</BitRate>
          <UsedUploadApi>true</UsedUploadApi>
        </FileInfo>
        <FileInfo>
          <FilePath>C:\PanoptoRecorder\027dc468-5dda-4f37-a836-ad0800120423\12154a1e-7285-4c83-9742-ad080012723b.DV.377458.panrv</FilePath>
          <Length>12422869</Length>
          <ModificationTime>2021-04-12T01:13:05.1614778Z</ModificationTime>
          <FileUploadStatus>Completed</FileUploadStatus>
          <Destination>DataServer</Destination>
          <FileType xsi:nil="true" />
          <BitRate>377458</BitRate>
          <UsedUploadApi>true</UsedUploadApi>
        </FileInfo>
        <FileInfo>
          <FilePath>C:\PanoptoRecorder\027dc468-5dda-4f37-a836-ad0800120423\12154a1e-7285-4c83-9742-ad080012723b.DV.64000.panra</FilePath>
          <Length>4590675</Length>
          <ModificationTime>2021-04-12T01:13:05.1745055Z</ModificationTime>
          <FileUploadStatus>Completed</FileUploadStatus>
          <Destination>DataServer</Destination>
          <FileType xsi:nil="true" />
          <BitRate>64000</BitRate>
          <UsedUploadApi>true</UsedUploadApi>
        </FileInfo>
        <FileInfo>
          <FilePath>C:\PanoptoRecorder\027dc468-5dda-4f37-a836-ad0800120423\12154a1e-7285-4c83-9742-ad080012723b.hist.dat</FilePath>
          <Length>3516</Length>
          <ModificationTime>2021-04-12T01:13:05.13853Z</ModificationTime>
          <FileUploadStatus>Completed</FileUploadStatus>
          <Destination>WebServer</Destination>
          <FileType xsi:nil="true" />
          <BitRate xsi:nil="true" />
          <UsedUploadApi>true</UsedUploadApi>
        </FileInfo>
      </Files>
      <IsBroadcast>false</IsBroadcast>
      <IsRemoteRecording>false</IsRemoteRecording>
      <MediaFileType>mp4</MediaFileType>
    </Stream>
  </Streams>
  <EventStreams />
  <Segments>
    <Segment>
      <Start>0</Start>
      <End>69.834452700000014</End>
      <StreamPublicID>00000000-0000-0000-0000-000000000000</StreamPublicID>
      <RelativeStart>0</RelativeStart>
      <Offset xsi:nil="true" />
    </Segment>
    <Segment>
      <Start>200.1932606</Start>
      <End>352.10835000000003</End>
      <StreamPublicID>00000000-0000-0000-0000-000000000000</StreamPublicID>
      <RelativeStart>0</RelativeStart>
      <Offset xsi:nil="true" />
    </Segment>
  </Segments>
  <Server>northwestern.hosted.panopto.com</Server>
  <TimeOffset>-1.1126022338867188</TimeOffset>
  <DeleteWhenUploadComplete>false</DeleteWhenUploadComplete>
  <UserID>eec97213-a476-4034-b21c-a85b013ea943</UserID>
  <EnableUploadApi>true</EnableUploadApi>
  <DeliveryID>581cadde-cda9-4cd6-9b5a-ad0800114728</DeliveryID>
  <EnableMacRecorderEventFileTracking xsi:nil="true" />
  <ClientInfo>
    <Type>Windows</Type>
    <MachineID>S-1-5-21-2166472098-3643754601-1943781432gqn6kqjwmn</MachineID>
    <IPAddress>fe80::7828:4615:7b30:d827%42</IPAddress>
    <ClientBuildVersion>9.0.2.00006</ClientBuildVersion>
    <ClientAppsVersion>9.0.2</ClientAppsVersion>
    <OSVersion>Microsoft Windows NT 10.0.19043.0</OSVersion>
    <ClientName>MSI</ClientName>
    <UserAgentId xsi:nil="true" />
  </ClientInfo>
  <RepairStatus>NotRepaired</RepairStatus>
  <FaultedReason>NotFaulted</FaultedReason>
  <FinalizeFailureCount>0</FinalizeFailureCount>
  <LastFinalizeCall>2021-04-12T01:13:20.8073968Z</LastFinalizeCall>
  <RecordingDir>C:\PanoptoRecorder\027dc468-5dda-4f37-a836-ad0800120423</RecordingDir>
  <DeleteAfterTime xsi:nil="true" />
</RecordingInfo>