<?xml version="1.0"?>
<RecordingInfo xmlns:xsd="http://www.w3.org/2001/XMLSchema" xmlns:xsi="http://www.w3.org/2001/XMLSchema-instance">
  <PublicID>e5729ba8-1fe7-4be3-a8fd-acff002f8cfb</PublicID>
  <SessionID>5e439239-893c-4e55-84a1-acff003054d1</SessionID>
  <SessionGroupID>2df1efc6-9068-46ab-a16f-acc400d06144</SessionGroupID>
  <SessionLabel>Friday, April 2, 2021 at 10:53:07 PM</SessionLabel>
  <SessionGroupLabel>Meeting Recordings</SessionGroupLabel>
  <UploadStatus>Completed</UploadStatus>
  <IsFinalized>true</IsFinalized>
  <StartTime>2021-04-02T22:56:02.1304167-04:00</StartTime>
  <EndTime>2021-04-02T22:56:43.2933279-04:00</EndTime>
  <Streams>
    <Stream>
      <PublicID>834a4206-adef-4dc4-a98d-acff003053b4</PublicID>
      <Device xsi:type="ScreenCaptureDeviceDescription">
        <IsDisconnected>false</IsDisconnected>
        <DeviceID>@screenCapture:\\.\DISPLAY1</DeviceID>
        <Name>Main Screen</Name>
        <MediaType>Screen</MediaType>
        <VideoWidth>1920</VideoWidth>
        <VideoHeight>1080</VideoHeight>
        <OriginCoordinate>
          <Y>0</Y>
          <X>0</X>
        </OriginCoordinate>
        <IsPrimaryScreen>true</IsPrimaryScreen>
      </Device>
      <OverrideAudioDevice>
        <IsDisconnected>false</IsDisconnected>
        <DeviceID>@device:cm:{33D9A762-90C8-11D0-BD43-00A0C911CE86}\wave:{3071C421-550F-4E48-81F4-25A79018BE15}</DeviceID>
        <Name>Microphone (Realtek(R) Audio)</Name>
        <MediaType>Audio</MediaType>
        <VideoWidth>0</VideoWidth>
        <VideoHeight>0</VideoHeight>
      </OverrideAudioDevice>
      <IsCaptureSystemAudioEnabled>false</IsCaptureSystemAudioEnabled>
      <Tag>DV</Tag>
      <Type>Archival</Type>
      <StartTime>2021-04-02T22:56:02.0644283-04:00</StartTime>
      <EndTime>2021-04-02T22:56:43.2933279-04:00</EndTime>
      <Files>
        <FileInfo>
          <FilePath>C:\PanoptoRecorder\e5729ba8-1fe7-4be3-a8fd-acff002f8cfb\834a4206-adef-4dc4-a98d-acff003053b4.DV.600000.panrv</FilePath>
          <Length>2683864</Length>
          <ModificationTime>2021-04-03T02:56:44.4703511Z</ModificationTime>
          <FileUploadStatus>Completed</FileUploadStatus>
          <Destination>DataServer</Destination>
          <FileType xsi:nil="true" />
          <BitRate>600000</BitRate>
          <UsedUploadApi>true</UsedUploadApi>
        </FileInfo>
        <FileInfo>
          <FilePath>C:\PanoptoRecorder\e5729ba8-1fe7-4be3-a8fd-acff002f8cfb\834a4206-adef-4dc4-a98d-acff003053b4.DV.377458.panrv</FilePath>
          <Length>1465757</Length>
          <ModificationTime>2021-04-03T02:56:44.4663488Z</ModificationTime>
          <FileUploadStatus>Completed</FileUploadStatus>
          <Destination>DataServer</Destination>
          <FileType xsi:nil="true" />
          <BitRate>377458</BitRate>
          <UsedUploadApi>true</UsedUploadApi>
        </FileInfo>
        <FileInfo>
          <FilePath>C:\PanoptoRecorder\e5729ba8-1fe7-4be3-a8fd-acff002f8cfb\834a4206-adef-4dc4-a98d-acff003053b4.DV.64000.panra</FilePath>
          <Length>489902</Length>
          <ModificationTime>2021-04-03T02:56:44.474377Z</ModificationTime>
          <FileUploadStatus>Completed</FileUploadStatus>
          <Destination>DataServer</Destination>
          <FileType xsi:nil="true" />
          <BitRate>64000</BitRate>
          <UsedUploadApi>true</UsedUploadApi>
        </FileInfo>
        <FileInfo>
          <FilePath>C:\PanoptoRecorder\e5729ba8-1fe7-4be3-a8fd-acff002f8cfb\834a4206-adef-4dc4-a98d-acff003053b4.hist.dat</FilePath>
          <Length>421</Length>
          <ModificationTime>2021-04-03T02:56:44.4494039Z</ModificationTime>
          <FileUploadStatus>Completed</FileUploadStatus>
          <Destination>WebServer</Destination>
          <FileType xsi:nil="true" />
          <BitRate xsi:nil="true" />
          <UsedUploadApi>true</UsedUploadApi>
        </FileInfo>
      </Files>
      <IsBroadcast>false</IsBroadcast>
      <IsRemoteRecording>false</IsRemoteRecording>
      <MediaFileType>mp4</MediaFileType>
    </Stream>
  </Streams>
  <EventStreams />
  <Segments />
  <Server>northwestern.hosted.panopto.com</Server>
  <TimeOffset>-4.0782222747802734</TimeOffset>
  <DeleteWhenUploadComplete>false</DeleteWhenUploadComplete>
  <Description>msds442-ex1-recording</Description>
  <UserID>eec97213-a476-4034-b21c-a85b013ea943</UserID>
  <EnableUploadApi>true</EnableUploadApi>
  <DeliveryID>0bb284ee-af91-4ae4-81a8-acff003054d9</DeliveryID>
  <EnableMacRecorderEventFileTracking xsi:nil="true" />
  <ClientInfo>
    <Type>Windows</Type>
    <MachineID>S-1-5-21-2166472098-3643754601-1943781432gqn6kqjwmn</MachineID>
    <IPAddress>fe80::fc2e:7e10:86b7:ae64%42</IPAddress>
    <ClientBuildVersion>9.0.2.00006</ClientBuildVersion>
    <ClientAppsVersion>9.0.2</ClientAppsVersion>
    <OSVersion>Microsoft Windows NT 10.0.19043.0</OSVersion>
    <ClientName>MSI</ClientName>
    <UserAgentId xsi:nil="true" />
  </ClientInfo>
  <RepairStatus>NotRepaired</RepairStatus>
  <FaultedReason>NotFaulted</FaultedReason>
  <FinalizeFailureCount>0</FinalizeFailureCount>
  <LastFinalizeCall>2021-04-03T02:57:01.0439885Z</LastFinalizeCall>
  <RecordingDir>C:\PanoptoRecorder\e5729ba8-1fe7-4be3-a8fd-acff002f8cfb</RecordingDir>
  <DeleteAfterTime xsi:nil="true" />
</RecordingInfo>